group,day1,day2,day3,day4,day5
NC,0.549070969,0.675742972,0.894142977,1.179670983,1.505662991
NC,0.549570976,0.696628983,0.884125994,1.18457301,1.507610027
NC,0.547750963,0.690574949,0.882670941,1.178542929,1.500910915
OE,0.543670962,0.637390961,0.82057096,1.074040958,1.387150955
OE,0.536370963,0.630422963,0.803780962,1.067993961,1.32420196
OE,0.545970956,0.653620952,0.819401947,1.052209937,1.389946927
