Time,NC,NC,NC,OE,OE,OE
day1,0.549070969 ,0.549570976 ,0.547750963 ,0.543670962 ,0.536370963 ,0.545970956 
day2,0.675742972 ,0.696628983 ,0.690574949 ,0.637390961 ,0.630422963 ,0.653620952 
day3,0.894142977 ,0.884125994 ,0.882670941 ,0.820570960 ,0.803780962 ,0.819401947 
day4,1.179670983 ,1.184573010 ,1.178542929 ,1.074040958 ,1.067993961 ,1.052209937 
day5,1.505662991 ,1.507610027 ,1.500910915 ,1.387150955 ,1.324201960 ,1.389946927 
