gene,Contraol1,Contraol2,Contraol3,Treat1,Treat2,Treat3
GeneA,1.0917683,0.8745827,1.0472941,22.11061,18.85227,22.5752
GeneB,1.057018,1.057018,0.8950251,51.26847,43.41134,46.85074
GeneC,0.9749049,0.9681707,1.0594631,14.15592,16.37398,19.33755
